Участник,Год вступления,Рефералы
Алексей Викторович,2003,0
Мария Александровна,2012,3
Иван Сергеевич,1998,2
Елена Владимировна,2003,11
Дмитрий Андреевич,2004,4
Анна Ивановна,1999,8
Сергей Алексеевич,2020,3
Ольга Николаевна,2016,9
Андрей Васильевич,1998,11
Ирина Михайловна,2005,9
Николай Петрович,2016,1
Татьяна Сергеевна,1992,8
Владимир Николаевич,1990,10
Людмила Алексеевна,2008,12
Кирилл Дмитриевич,2000,11
Марина Вальерьевна,2002,6
Павел Олегович,2007,1
Юлия Владимировна,2012,4
Евгений Анатольевич,1996,12
Светлана Геннадьевна,2009,2
Денис Владимирович,1989,23
Вера Петровна,2014,3
Артем Михайлович,2013,11
Галина Ивановна,2019,1
Роман Андреевич,2014,1
Оксана Степановна,2010,1
Виктор Сергеевич,2015,4
Елизавета Антоновна,2013,11
Константин Валерьевич,2004,7
Надежда Евгеньевна,2008,1
Максим Олегович,1993,0
Зоя Николаевна,2000,4
Георгий Ильич,2002,10
Лариса Федоровна,1998,4
Антон Денисович,1992,11
Раиса Васильевна,2014,9